File Load Successful,rosmanftp.txt
Html Loading Successful,"100 коротких сказок для самых маленьких
"
Html Loading Successful,"6-7 лет. Изучаем время (Рабочая Тетрадь)
"
Html Loading Successful,"6-7 лет. Математика. Учебное пособие
"
Html Loading Successful,"6-7 лет. Мир вокруг (Рабочая Тетрадь)
"
Html Loading Successful,"6-7-let-obuchaemsya-gramote-rab-tetrad
"
Html Loading Successful,"6-7 лет. Прописи с узорами
"
Html Loading Successful,"6-7 лет. Прописи с элементами письменных букв
"
Html Loading Successful,"6-7 лет. Прописи. Буквы
"
Html Loading Successful,"6-7 лет. Прописи. Палочки и крючочки
"
Html Loading Successful,"6-7 лет. Прописи. Цифры
"
Html Loading Successful,"uchimsya-logicheski-myslit-6-7-let
"
Html Loading Successful,"6-7-let-razvivaem-rech-4-kr-
"
Html Loading Successful,"6-7 лет. Решаем задачки для ума (Рабочая Тетрадь)
"
Html Loading Successful,"6-7 лет. Тренажер логопедический
"
Html Loading Successful,"6-7 лет. Тренажер математический
"
Html Loading Successful,"6-7 лет. Тренажер по развитию речи
"
Html Loading Successful,"6-7 лет. Тренажер по чтению
"
Html Loading Successful,"6-7 лет. Тренажер. Внимание. Память. Мышление
"
Html Loading Successful,"6-7-let-treniruem-ruku-shtrikhovka-rab-tetrad
"
Html Loading Successful,"6-7 лет. Учимся измерять и сравнивать (Рабочая Тетрадь
"
HTTPError: 404   https://www.rosman.ru/catalog/item/6-7-let-uchimsya-rasskazyvat-po-kartinkamrabtet/,"6-7 лет. Учимся рассказывать по картинкам(Раб.тет)
"
Html Loading Successful,"6-7 лет. Чтение. Учебное пособие
"
Html Loading Successful,"6-7-let-gotovim-ruku-k-pismu-rab-tetrad
"
Html Loading Successful,"6-7-let-razvivaem-vnimanie-rab-tetrad
"
Html Loading Successful,"6-7-let-razvivaem-myshlenie-rab-tetr-
"
Html Loading Successful,"6-7-let-razvivaem-pamyat-rab-tetrad
"
Html Loading Successful,"6-7 лет Тренажер-пропись. Готовим руку к письму
"
Html Loading Successful,"6-7 лет Тренажер-пропись. Тренируем пальчики
"
Html Loading Successful,"6-7-let-uchimsya-pisat-rab-tetrad
"
Html Loading Successful,"6-7-let-uchimsya-reshat-zadachi-rab-tetrad
"
Html Loading Successful,"6-7-let-uchimsya-schitat-rab-tetrad
"
Html Loading Successful,"6-7-let-uchimsya-chitat-rab-tetrad
"
Html Loading Successful,"aleksin-a-v-strane-vechnykh-kanikul-lyubimye-detskie-istorii
"
Html Loading Successful,"bazhov-p-malakhitovaya-shkatulka-lyubimye-detskie-pisateli
"
Html Loading Successful,"Большая хрестоматия для детского сада
"
Html Loading Successful,"vpered-za-utenkom
"
Html Loading Successful,"doyl-a-k-vse-luchshie-rasskazy-o-sherloke-kholmse-vse-istorii
"
Html Loading Successful,"igry-i-zanyatiya-razvivaem-rech-razvivayushchie-kartochki-0-
"
Html Loading Successful,"kradenoe-solntse-panoramka
"
Html Loading Successful,"krylov-i-a-basni
"
Html Loading Successful,"krylov-i-kvartet-basni-db-rosmen
"
Html Loading Successful,"mekhanicheskoe-serdtse-1-mekhanicheskoe-serdtse
"
Html Loading Successful,"mekhanicheskoe-serdtse-2-lunnyy-medalon
"
Html Loading Successful,"mozhgina-a-malchik-bez-golovy-rasskazy-knizhka-iz-pod-party
"
Html Loading Successful,"Муми-тролль и зимняя сказка
"
Html Loading Successful,"Муми-тролль и новый друг
"
Html Loading Successful,"Муми-тролль и первый снег
"
Html Loading Successful,"neznayka-khudozhnik-garmoshki
"
Html Loading Successful,"neznayka-iz-tsvetochnogo-goroda-garmoshki
"
Html Loading Successful,"neznayka-puteshestvuet-na-vozdushnom-share-garmoshki
"
Html Loading Successful,"neznayka-sochinyaet-stikhi-garmoshki
"
Html Loading Successful,"nosov-n-dnevnik-koli-sinitsyna-knizhka-iz-pod-party
"
Html Loading Successful,"nosov-n-neznayka-na-lune
"
Html Loading Successful,"oseeva-v-dinka-lyubimye-detskie-istorii
"
Html Loading Successful,"ostrov-sokrovishch-chitayu-khorosho
"
Html Loading Successful,"petushok-zolotoy-grebeshok-panoramka
"
Html Loading Successful,"Подводный мир. Визуальный гид
"
Html Loading Successful,"raskin-a-kak-papa-byl-malenkim-knizhka-iz-pod-party
"
Html Loading Successful,"Рассказы о природе
"
Html Loading Successful,"sladkov-n-lesnye-skazki-vch
"
Html Loading Successful,"telo-cheloveka-nazyvaem-i-pokazyvaem-razvivayuzie-kartochki-0-
"
Html Loading Successful,"tolstoy-l-n-filipok-lipunyushka-i-drugie-rasskazy
"
Html Loading Successful,"trevers-p-meri-poppins-ill-chelak-v-
"
Html Loading Successful,"usachev-a-vse-vse-vse-ob-umnoy-sobachke-sone
"
Html Loading Successful,"znamenitaya-sobachka-sonya-usachev-a
"
Html Loading Successful,"usachev-a-umnaya-i-znamenitaya-sobachka-sonya-vneklassnoe-chtenie
"
Html Loading Successful,"usachev-a-umnaya-sobachka-sonya
"
Html Loading Successful,"uchimsya-sravnivat-razv-kartochki-0--
"
Html Loading Successful,"formy-razvivayushchie-kartochki-0--
"
Html Loading Successful,"kharris-dzh-skazki-dyadyushki-rimusa-lyubimye-detskie-pisateli
"
Html Loading Successful,"Хрестоматия для внеклассного чтения. 3 класс
"
Html Loading Successful,"Хрестоматия для внеклассного чтения. 4 класс
"
Html Loading Successful,"tsveta-razvivayushchie-kartochki-0-
"
Html Loading Successful,"chukovskiy-k-stikhi-dlya-malyshey-db-rosmen
"
Html Loading Successful,"Яйца, или Гоголь-моголь для любознательных
"
File Load Successful,rosmanftp.txt
Html Loading Successful,"6-7-let-uchimsya-rasskazyvat-po-kartinkam rabochaya tetrad
"
